{
  "died_this_section": {
    "enemy": [],
    "ally": []
  },
  "fight_environment_group": "",
  "range_atk_rec": {
    "1": [
      {
        "from_spot_id": "7173",
        "to_spot_id": "7123",
        "from_target_type": 10,
        "from_target_id": 1,
        "to_target_type": 4,
        "to_target_id": 1,
        "if_finish": 0
      }
    ]
  },
  "range_atk_turn": {
    "10": {
      "1": [
        "1"
      ]
    },
    "304": [],
    "305": [],
    "4": [],
    "5": [],
    "6": []
  },
  "type5_score": "0",
    "target_moved_step": {
    "1": {
      "10": {
        "1": 1
      }
    }
  },
  "ally1_add": []
} 