{
  "died_this_section": {
    "enemy": [],
    "ally": []
  },
  "fairy_skill_return": [],
  "fairy_skill_perform": [],
  "fairy_skill_on_spot": [],
  "fairy_skill_on_team": [],
  "fairy_skill_on_enemy": [],
  "fairy_skill_on_squad": [],
  "fairy_skill_on_ally": [],
  "fairy_skill_on_sangvis": {},
  "fairy_skill_on_vehicle": [],
  "fairy_skill_on_friend_team": [],
  "fairy_skill_on_friend_sangvis": [],
  "spot_act_info": [],
  "building_info": [],
  "mission_win_step_control_ids": [],
  "trigger_para": {
    "drop_item": [],
    "cost_item": []
  },
  "fight_environment_group": "",
  "range_atk_rec": {},
  "range_atk_turn": {
    "10": {},
    "304": [],
    "305": [],
    "4": [],
    "5": [],
    "6": []
  },
  "type5_score": "0",
  "target_moved_step": {},
  "ally1_add": [],
  "vehicle_battle_exp": {
    "vehicle_with_user_id": "1",
    "after_exp": 0
  },
  "user_exp": "0",
  "crew_exp": [
    {
      "crew_type": "0",
      "xx_with_user_id": "0",
      "after_exp": 0
    },
    {
      "crew_type": "0",
      "xx_with_user_id": "0",
      "after_exp": "0"
    },
    {
      "crew_type": "0",
      "xx_with_user_id": "0",
      "after_exp": 0
    },
    {
      "crew_type": "0",
      "xx_with_user_id": "0",
      "after_exp": 0
    }
  ],
  "vehicle_resource": {
    "ammo": 8,
    "mre": 9
  },
  "battle_rank": 5,
  "mission_lose_result": [],
  "mission_win_result": [],
  "spot_teleport_result": [],
  "seed": 8956,
  "building_defender_change": [],
  "ally_instance_transform": [],
  "ally_instance_betray": [],
  "mission_control": {}
} 