﻿{
	"1001": {
		"user_id": "562858",
		"chip_id": "1001",
		"chip_exp": "4700",
		"chip_level": "20"
	},
	"1002": {
		"user_id": "562858",
		"chip_id": "1002",
		"chip_exp": "7050",
		"chip_level": "20"
	},
	"1003": {
		"user_id": "562858",
		"chip_id": "1003",
		"chip_exp": "4700",
		"chip_level": "20"
	},
	"1004": {
		"user_id": "562858",
		"chip_id": "1004",
		"chip_exp": "2350",
		"chip_level": "20"
	},
	"1005": {
		"user_id": "562858",
		"chip_id": "1005",
		"chip_exp": "2350",
		"chip_level": "20"
	},
	"1006": {
		"user_id": "562858",
		"chip_id": "1006",
		"chip_exp": "4700",
		"chip_level": "20"
	},
	"1007": {
		"user_id": "562858",
		"chip_id": "1007",
		"chip_exp": "4700",
		"chip_level": "20"
	},
	"1008": {
		"user_id": "562858",
		"chip_id": "1008",
		"chip_exp": "4700",
		"chip_level": "20"
	},
	"1009": {
		"user_id": "562858",
		"chip_id": "1009",
		"chip_exp": "4700",
		"chip_level": "20"
	},
	"1010": {
		"user_id": "562858",
		"chip_id": "1010",
		"chip_exp": "2350",
		"chip_level": "20"
	},
	"2001": {
		"user_id": "562858",
		"chip_id": "2001",
		"chip_exp": "4700",
		"chip_level": "20"
	},
	"2002": {
		"user_id": "562858",
		"chip_id": "2002",
		"chip_exp": "4700",
		"chip_level": "20"
	},
	"2003": {
		"user_id": "562858",
		"chip_id": "2003",
		"chip_exp": "5875",
		"chip_level": "20"
	},
	"2004": {
		"user_id": "562858",
		"chip_id": "2004",
		"chip_exp": "3525",
		"chip_level": "20"
	},
	"2005": {
		"user_id": "562858",
		"chip_id": "2005",
		"chip_exp": "7050",
		"chip_level": "20"
	},
	"2006": {
		"user_id": "562858",
		"chip_id": "2006",
		"chip_exp": "7050",
		"chip_level": "20"
	},
	"2007": {
		"user_id": "562858",
		"chip_id": "2007",
		"chip_exp": "2350",
		"chip_level": "20"
	},
	"2008": {
		"user_id": "562858",
		"chip_id": "2008",
		"chip_exp": "2350",
		"chip_level": "20"
	},
	"2009": {
		"user_id": "562858",
		"chip_id": "2009",
		"chip_exp": "4700",
		"chip_level": "20"
	},
	"2010": {
		"user_id": "562858",
		"chip_id": "2010",
		"chip_exp": "2350",
		"chip_level": "20"
	},
	"3001": {
		"user_id": "562858",
		"chip_id": "3001",
		"chip_exp": "4700",
		"chip_level": "20"
	},
	"3002": {
		"user_id": "562858",
		"chip_id": "3002",
		"chip_exp": "3525",
		"chip_level": "20"
	},
	"3003": {
		"user_id": "562858",
		"chip_id": "3003",
		"chip_exp": "3525",
		"chip_level": "20"
	},
	"3004": {
		"user_id": "562858",
		"chip_id": "3004",
		"chip_exp": "4700",
		"chip_level": "20"
	},
	"3005": {
		"user_id": "562858",
		"chip_id": "3005",
		"chip_exp": "4700",
		"chip_level": "20"
	},
	"3006": {
		"user_id": "562858",
		"chip_id": "3006",
		"chip_exp": "2350",
		"chip_level": "20"
	},
	"3007": {
		"user_id": "562858",
		"chip_id": "3007",
		"chip_exp": "4700",
		"chip_level": "20"
	},
	"3008": {
		"user_id": "562858",
		"chip_id": "3008",
		"chip_exp": "4700",
		"chip_level": "20"
	},
	"3009": {
		"user_id": "562858",
		"chip_id": "3009",
		"chip_exp": "2350",
		"chip_level": "20"
	},
	"3010": {
		"user_id": "562858",
		"chip_id": "3010",
		"chip_exp": "2350",
		"chip_level": "20"
	},
	"4001": {
		"user_id": "562858",
		"chip_id": "4001",
		"chip_exp": "3525",
		"chip_level": "20"
	},
	"4002": {
		"user_id": "562858",
		"chip_id": "4002",
		"chip_exp": "4700",
		"chip_level": "20"
	},
	"4003": {
		"user_id": "562858",
		"chip_id": "4003",
		"chip_exp": "4700",
		"chip_level": "20"
	},
	"4004": {
		"user_id": "562858",
		"chip_id": "4004",
		"chip_exp": "4700",
		"chip_level": "20"
	},
	"4005": {
		"user_id": "562858",
		"chip_id": "4005",
		"chip_exp": "4700",
		"chip_level": "20"
	},
	"4006": {
		"user_id": "562858",
		"chip_id": "4006",
		"chip_exp": "4700",
		"chip_level": "20"
	},
	"4007": {
		"user_id": "562858",
		"chip_id": "4007",
		"chip_exp": "7050",
		"chip_level": "20"
	},
	"4008": {
		"user_id": "562858",
		"chip_id": "4008",
		"chip_exp": "4700",
		"chip_level": "20"
	},
	"4009": {
		"user_id": "562858",
		"chip_id": "4009",
		"chip_exp": "2350",
		"chip_level": "20"
	},
	"4010": {
		"user_id": "562858",
		"chip_id": "4010",
		"chip_exp": "3525",
		"chip_level": "20"
	},
	"5001": {
		"user_id": "562858",
		"chip_id": "5001",
		"chip_exp": "4700",
		"chip_level": "20"
	},
	"5002": {
		"user_id": "562858",
		"chip_id": "5002",
		"chip_exp": "3525",
		"chip_level": "20"
	},
	"5003": {
		"user_id": "562858",
		"chip_id": "5003",
		"chip_exp": "4700",
		"chip_level": "20"
	},
	"5004": {
		"user_id": "562858",
		"chip_id": "5004",
		"chip_exp": "4700",
		"chip_level": "20"
	},
	"5005": {
		"user_id": "562858",
		"chip_id": "5005",
		"chip_exp": "4700",
		"chip_level": "20"
	},
	"5006": {
		"user_id": "562858",
		"chip_id": "5006",
		"chip_exp": "2350",
		"chip_level": "20"
	},
	"5007": {
		"user_id": "562858",
		"chip_id": "5007",
		"chip_exp": "3525",
		"chip_level": "20"
	},
	"5008": {
		"user_id": "562858",
		"chip_id": "5008",
		"chip_exp": "3525",
		"chip_level": "20"
	},
	"5009": {
		"user_id": "562858",
		"chip_id": "5009",
		"chip_exp": "7050",
		"chip_level": "20"
	},
	"5010": {
		"user_id": "562858",
		"chip_id": "5010",
		"chip_exp": "3525",
		"chip_level": "20"
	},
	"6001": {
		"user_id": "562858",
		"chip_id": "6001",
		"chip_exp": "4700",
		"chip_level": "20"
	},
	"6002": {
		"user_id": "562858",
		"chip_id": "6002",
		"chip_exp": "2350",
		"chip_level": "20"
	},
	"6003": {
		"user_id": "562858",
		"chip_id": "6003",
		"chip_exp": "5875",
		"chip_level": "20"
	},
	"6004": {
		"user_id": "562858",
		"chip_id": "6004",
		"chip_exp": "4700",
		"chip_level": "20"
	},
	"6005": {
		"user_id": "562858",
		"chip_id": "6005",
		"chip_exp": "4700",
		"chip_level": "20"
	},
	"6006": {
		"user_id": "562858",
		"chip_id": "6006",
		"chip_exp": "4700",
		"chip_level": "20"
	},
	"6007": {
		"user_id": "562858",
		"chip_id": "6007",
		"chip_exp": "4700",
		"chip_level": "20"
	},
	"6008": {
		"user_id": "562858",
		"chip_id": "6008",
		"chip_exp": "3525",
		"chip_level": "20"
	},
	"6009": {
		"user_id": "562858",
		"chip_id": "6009",
		"chip_exp": "4700",
		"chip_level": "20"
	},
	"6010": {
		"user_id": "562858",
		"chip_id": "6010",
		"chip_exp": "4700",
		"chip_level": "20"
	},
	"7001": {
		"user_id": "562858",
		"chip_id": "7001",
		"chip_exp": "2350",
		"chip_level": "20"
	},
	"7002": {
		"user_id": "562858",
		"chip_id": "7002",
		"chip_exp": "3525",
		"chip_level": "20"
	},
	"7003": {
		"user_id": "562858",
		"chip_id": "7003",
		"chip_exp": "7050",
		"chip_level": "20"
	},
	"7004": {
		"user_id": "562858",
		"chip_id": "7004",
		"chip_exp": "4700",
		"chip_level": "20"
	},
	"7005": {
		"user_id": "562858",
		"chip_id": "7005",
		"chip_exp": "4700",
		"chip_level": "20"
	},
	"7006": {
		"user_id": "562858",
		"chip_id": "7006",
		"chip_exp": "2350",
		"chip_level": "20"
	},
	"7007": {
		"user_id": "562858",
		"chip_id": "7007",
		"chip_exp": "2350",
		"chip_level": "20"
	},
	"7008": {
		"user_id": "562858",
		"chip_id": "7008",
		"chip_exp": "4700",
		"chip_level": "20"
	},
	"7009": {
		"user_id": "562858",
		"chip_id": "7009",
		"chip_exp": "9400",
		"chip_level": "20"
	},
	"7010": {
		"user_id": "562858",
		"chip_id": "7010",
		"chip_exp": "3525",
		"chip_level": "20"
	},
	"8001": {
		"user_id": "562858",
		"chip_id": "8001",
		"chip_exp": "4700",
		"chip_level": "20"
	},
	"8002": {
		"user_id": "562858",
		"chip_id": "8002",
		"chip_exp": "3525",
		"chip_level": "20"
	},
	"8003": {
		"user_id": "562858",
		"chip_id": "8003",
		"chip_exp": "4700",
		"chip_level": "20"
	},
	"8004": {
		"user_id": "562858",
		"chip_id": "8004",
		"chip_exp": "4700",
		"chip_level": "20"
	},
	"8005": {
		"user_id": "562858",
		"chip_id": "8005",
		"chip_exp": "3525",
		"chip_level": "20"
	},
	"8006": {
		"user_id": "562858",
		"chip_id": "8006",
		"chip_exp": "2350",
		"chip_level": "20"
	},
	"8007": {
		"user_id": "562858",
		"chip_id": "8007",
		"chip_exp": "4700",
		"chip_level": "20"
	},
	"8008": {
		"user_id": "562858",
		"chip_id": "8008",
		"chip_exp": "2350",
		"chip_level": "20"
	},
	"8009": {
		"user_id": "562858",
		"chip_id": "8009",
		"chip_exp": "4700",
		"chip_level": "20"
	},
	"8010": {
		"user_id": "562858",
		"chip_id": "8010",
		"chip_exp": "2350",
		"chip_level": "20"
	},
	"9001": {
		"user_id": "562858",
		"chip_id": "9001",
		"chip_exp": "3525",
		"chip_level": "20"
	},
	"9002": {
		"user_id": "562858",
		"chip_id": "9002",
		"chip_exp": "4700",
		"chip_level": "20"
	},
	"9003": {
		"user_id": "562858",
		"chip_id": "9003",
		"chip_exp": "4700",
		"chip_level": "20"
	},
	"9004": {
		"user_id": "562858",
		"chip_id": "9004",
		"chip_exp": "4700",
		"chip_level": "20"
	},
	"9005": {
		"user_id": "562858",
		"chip_id": "9005",
		"chip_exp": "4700",
		"chip_level": "20"
	},
	"9006": {
		"user_id": "562858",
		"chip_id": "9006",
		"chip_exp": "4700",
		"chip_level": "20"
	},
	"9007": {
		"user_id": "562858",
		"chip_id": "9007",
		"chip_exp": "4700",
		"chip_level": "20"
	},
	"9008": {
		"user_id": "562858",
		"chip_id": "9008",
		"chip_exp": "3525",
		"chip_level": "20"
	},
	"9009": {
		"user_id": "562858",
		"chip_id": "9009",
		"chip_exp": "4700",
		"chip_level": "20"
	},
	"9010": {
		"user_id": "562858",
		"chip_id": "9010",
		"chip_exp": "4700",
		"chip_level": "20"
	},
	"10001": {
		"user_id": "562858",
		"chip_id": "10001",
		"chip_exp": "3525",
		"chip_level": "20"
	},
	"10002": {
		"user_id": "562858",
		"chip_id": "10002",
		"chip_exp": "2350",
		"chip_level": "20"
	},
	"10003": {
		"user_id": "562858",
		"chip_id": "10003",
		"chip_exp": "4700",
		"chip_level": "20"
	},
	"10004": {
		"user_id": "562858",
		"chip_id": "10004",
		"chip_exp": "3526",
		"chip_level": "20"
	},
	"10005": {
		"user_id": "562858",
		"chip_id": "10005",
		"chip_exp": "4700",
		"chip_level": "20"
	},
	"10006": {
		"user_id": "562858",
		"chip_id": "10006",
		"chip_exp": "4700",
		"chip_level": "20"
	},
	"10007": {
		"user_id": "562858",
		"chip_id": "10007",
		"chip_exp": "7051",
		"chip_level": "20"
	},
	"10008": {
		"user_id": "562858",
		"chip_id": "10008",
		"chip_exp": "4700",
		"chip_level": "20"
	},
	"10009": {
		"user_id": "562858",
		"chip_id": "10009",
		"chip_exp": "2350",
		"chip_level": "20"
	},
	"10010": {
		"user_id": "562858",
		"chip_id": "10010",
		"chip_exp": "4700",
		"chip_level": "20"
	},
	"11001": {
		"user_id": "562858",
		"chip_id": "11001",
		"chip_exp": "3525",
		"chip_level": "20"
	},
	"11002": {
		"user_id": "562858",
		"chip_id": "11002",
		"chip_exp": "2350",
		"chip_level": "20"
	},
	"11003": {
		"user_id": "562858",
		"chip_id": "11003",
		"chip_exp": "3525",
		"chip_level": "20"
	},
	"11004": {
		"user_id": "562858",
		"chip_id": "11004",
		"chip_exp": "4700",
		"chip_level": "20"
	},
	"11005": {
		"user_id": "562858",
		"chip_id": "11005",
		"chip_exp": "3525",
		"chip_level": "20"
	},
	"11006": {
		"user_id": "562858",
		"chip_id": "11006",
		"chip_exp": "3525",
		"chip_level": "20"
	},
	"11007": {
		"user_id": "562858",
		"chip_id": "11007",
		"chip_exp": "3525",
		"chip_level": "20"
	},
	"11008": {
		"user_id": "562858",
		"chip_id": "11008",
		"chip_exp": "3525",
		"chip_level": "20"
	},
	"11009": {
		"user_id": "562858",
		"chip_id": "11009",
		"chip_exp": "4700",
		"chip_level": "20"
	},
	"11010": {
		"user_id": "562858",
		"chip_id": "11010",
		"chip_exp": "7050",
		"chip_level": "20"
	}	
}