﻿{
	"58": {
		"id": "58",
		"user_id": "562858",
		"squad_id": "1",
		"squad_exp": "15000000",
		"squad_level": "100",
		"rank": "5",
		"advanced_level": "10",
		"life": "242",
		"cur_def": "0",
		"ammo": "8",
		"mre": "9",
		"assist_damage": "148",
		"assist_reload": "71",
		"assist_hit": "300",
		"assist_def_break": "362",
		"damage": "0",
		"atk_speed": "0",
		"hit": "0",
		"def": "0",
		"skill1": "10",
		"skill2": "10",
		"skill3": "10",
		"current_rank_progress": "0",
		"rank_end_time": "0",
		"current_adv_progress": "0"
	},
	"3126": {
		"id": "3126",
		"user_id": "562858",
		"squad_id": "2",
		"squad_exp": "15000000",
		"squad_level": "100",
		"rank": "5",
		"advanced_level": "10",
		"life": "231",
		"cur_def": "0",
		"ammo": "0",
		"mre": "0",
		"assist_damage": "75",
		"assist_reload": "335",
		"assist_hit": "172",
		"assist_def_break": "131",
		"damage": "0",
		"atk_speed": "0",
		"hit": "0",
		"def": "0",
		"skill1": "10",
		"skill2": "10",
		"skill3": "10",
		"current_rank_progress": "0",
		"rank_end_time": "0",
		"current_adv_progress": "0"
	},
	"6393": {
		"id": "6393",
		"user_id": "562858",
		"squad_id": "3",
		"squad_exp": "15000000",
		"squad_level": "100",
		"rank": "5",
		"advanced_level": "10",
		"life": "220",
		"cur_def": "0",
		"ammo": "0",
		"mre": "4",
		"assist_damage": "151",
		"assist_reload": "140",
		"assist_hit": "118",
		"assist_def_break": "53",
		"damage": "0",
		"atk_speed": "0",
		"hit": "0",
		"def": "0",
		"skill1": "10",
		"skill2": "10",
		"skill3": "10",
		"current_rank_progress": "0",
		"rank_end_time": "0",
		"current_adv_progress": "0"
	},
	"10895": {
		"id": "10895",
		"user_id": "562858",
		"squad_id": "5",
		"squad_exp": "15000000",
		"squad_level": "100",
		"rank": "5",
		"advanced_level": "10",
		"life": "231",
		"cur_def": "0",
		"ammo": "10",
		"mre": "10",
		"assist_damage": "109",
		"assist_reload": "116",
		"assist_hit": "247",
		"assist_def_break": "237",
		"damage": "0",
		"atk_speed": "0",
		"hit": "0",
		"def": "0",
		"skill1": "10",
		"skill2": "10",
		"skill3": "10",
		"current_rank_progress": "0",
		"rank_end_time": "0",
		"current_adv_progress": "0"
	},
	"14593": {
		"id": "14593",
		"user_id": "562858",
		"squad_id": "4",
		"squad_exp": "15000000",
		"squad_level": "100",
		"rank": "5",
		"advanced_level": "10",
		"life": "198",
		"cur_def": "0",
		"ammo": "0",
		"mre": "4",
		"assist_damage": "116",
		"assist_reload": "164",
		"assist_hit": "107",
		"assist_def_break": "46",
		"damage": "0",
		"atk_speed": "0",
		"hit": "0",
		"def": "0",
		"skill1": "10",
		"skill2": "10",
		"skill3": "10",
		"current_rank_progress": "0",
		"rank_end_time": "0",
		"current_adv_progress": "0"
	},
	"21508": {
		"id": "21508",
		"user_id": "562858",
		"squad_id": "6",
		"squad_exp": "15000000",
		"squad_level": "100",
		"rank": "5",
		"advanced_level": "10",
		"life": "209",
		"cur_def": "0",
		"ammo": "8",
		"mre": "9",
		"assist_damage": "97",
		"assist_reload": "256",
		"assist_hit": "154",
		"assist_def_break": "106",
		"damage": "0",
		"atk_speed": "0",
		"hit": "0",
		"def": "0",
		"skill1": "10",
		"skill2": "10",
		"skill3": "10",
		"current_rank_progress": "0",
		"rank_end_time": "0",
		"current_adv_progress": "0"
	},
	"27427": {
		"id": "27427",
		"user_id": "562858",
		"squad_id": "7",
		"squad_exp": "15000000",
		"squad_level": "100",
		"rank": "5",
		"advanced_level": "10",
		"life": "198",
		"cur_def": "0",
		"ammo": "8",
		"mre": "8",
		"assist_damage": "123",
		"assist_reload": "91",
		"assist_hit": "204",
		"assist_def_break": "209",
		"damage": "0",
		"atk_speed": "0",
		"hit": "0",
		"def": "0",
		"skill1": "10",
		"skill2": "10",
		"skill3": "10",
		"current_rank_progress": "0",
		"rank_end_time": "0",
		"current_adv_progress": "0"
	},
	"31678": {
		"id": "31678",
		"user_id": "562858",
		"squad_id": "8",
		"squad_exp": "15000000",
		"squad_level": "100",
		"rank": "5",
		"advanced_level": "10",
		"life": "242",
		"cur_def": "0",
		"ammo": "0",
		"mre": "5",
		"assist_damage": "141",
		"assist_reload": "144",
		"assist_hit": "159",
		"assist_def_break": "68",
		"damage": "0",
		"atk_speed": "0",
		"hit": "0",
		"def": "0",
		"skill1": "10",
		"skill2": "10",
		"skill3": "10",
		"current_rank_progress": "0",
		"rank_end_time": "0",
		"current_adv_progress": "0"
	},
	"40286": {
		"id": "40286",
		"user_id": "562858",
		"squad_id": "9",
		"squad_exp": "15000000",
		"squad_level": "100",
		"rank": "5",
		"advanced_level": "10",
		"life": "209",
		"cur_def": "0",
		"ammo": "0",
		"mre": "4",
		"assist_damage": "105",
		"assist_reload": "242",
		"assist_hit": "169",
		"assist_def_break": "120",
		"damage": "0",
		"atk_speed": "0",
		"hit": "0",
		"def": "0",
		"skill1": "10",
		"skill2": "10",
		"skill3": "10",
		"current_rank_progress": "0",
		"rank_end_time": "0",
		"current_adv_progress": "0"
	},
	"46711": {
		"id": "46711",
		"user_id": "562858",
		"squad_id": "10",
		"squad_exp": "15000000",
		"squad_level": "100",
		"rank": "5",
		"advanced_level": "10",
		"life": "220",
		"cur_def": "0",
		"ammo": "10",
		"mre": "10",
		"assist_damage": "0",
		"assist_reload": "0",
		"assist_hit": "0",
		"assist_def_break": "0",
		"damage": "0",
		"atk_speed": "0",
		"hit": "0",
		"def": "0",
		"skill1": "10",
		"skill2": "10",
		"skill3": "10",
		"current_rank_progress": "0",
		"rank_end_time": "0",
		"current_adv_progress": "0"
	},
	"49291": {
		"id": "49291",
		"user_id": "562858",
		"squad_id": "11",
		"squad_exp": "15000000",
		"squad_level": "100",
		"rank": "5",
		"advanced_level": "10",
		"life": "242",
		"cur_def": "0",
		"ammo": "10",
		"mre": "10",
		"assist_damage": "0",
		"assist_reload": "0",
		"assist_hit": "0",
		"assist_def_break": "0",
		"damage": "0",
		"atk_speed": "0",
		"hit": "0",
		"def": "0",
		"skill1": "10",
		"skill2": "10",
		"skill3": "10",
		"current_rank_progress": "0",
		"rank_end_time": "0",
		"current_adv_progress": "0"
	}
}