{
  "user_id": "562858",
  "login_day": 7,
  "login_get_prize_list": [],
  "active_value": 600,
  "active_get_prize_list": [],
  "fund_available": 0,
  "fund_get_list": [],
  "task_info": {
    "1": [
      {
        "task_id": "1",
        "process": 0
      },
      {
        "task_id": "2",
        "process": 0
      },
      {
        "task_id": "3",
        "process": 0
      }
    ],
    "2": [
      {
        "task_id": "4",
        "process": 0
      },
      {
        "task_id": "5",
        "process": 0
      },
      {
        "task_id": "6",
        "process": 0
      }
    ],
    "3": [
      {
        "task_id": "7",
        "process": 0
      },
      {
        "task_id": "8",
        "process": 0
      },
      {
        "task_id": "9",
        "process": 0
      }
    ],
    "4": [
      {
        "task_id": "10",
        "process": 0
      },
      {
        "task_id": "11",
        "process": 0
      },
      {
        "task_id": "12",
        "process": 0
      }
    ],
    "5": [
      {
        "task_id": "13",
        "process": 0
      },
      {
        "task_id": "14",
        "process": 0
      },
      {
        "task_id": "15",
        "process": 0
      }
    ],
    "6": [
      {
        "task_id": "16",
        "process": 0
      },
      {
        "task_id": "17",
        "process": 0
      },
      {
        "task_id": "18",
        "process": 0
      }
    ],
    "7": [
      {
        "task_id": "19",
        "process": 0
      },
      {
        "task_id": "20",
        "process": 0
      },
      {
        "task_id": "21",
        "process": 0
      }
    ]
  },
  "task_get_prize_list": [],
  "invite_user_id": 0,
  "return_player_plot": 0,
  "start_time": 1583627852,
  "end_time": 2684837452
}